Count,Name,BLDG_CH,BLDG_NUM,CITY_CODE,Layer,NUM_APTS_C,NUM_FLOORS,Position X,Position Y,Position Z,STREET_COD,STRT_TYPE,Closed,Length,Area
1,Polyline,,,,chelkot lines,,,,,,,,-1,89.2853,481.4045
1,Polyline,,,,chelkot lines,,,,,,,,-1,91.6903,525.0986
1,Polyline,,,,chelkot lines,,,,,,,,-1,102.2879,232.7933
1,Polyline,,,,chelkot lines,,,,,,,,-1,184.0630,1752.7887
1,Polyline,,,,chelkot lines,,,,,,,,-1,89.5635,489.8855
1,Polyline,,,,chelkot lines,,,,,,,,-1,68.2605,124.5327
1,Polyline,,,,chelkot lines,,,,,,,,-1,87.7020,490.4286
1,Polyline,,,,chelkot lines,,,,,,,,-1,204.1094,2396.4458
1,Polyline,,,,chelkot lines,,,,,,,,-1,90.6615,166.7145
1,Polyline,,,,chelkot lines,,,,,,,,-1,121.9410,813.4209
1,Polyline,,,,chelkot lines,,,,,,,,-1,130.0050,874.0352
1,Polyline,,,,chelkot lines,,,,,,,,-1,119.8523,851.6950
1,Polyline,,,,chelkot lines,,,,,,,,-1,321.9083,3590.8578
1,Polyline,,,,chelkot lines,,,,,,,,-1,186.0693,270.0987
1,Polyline,,,,chelkot lines,,,,,,,,-1,132.9203,1080.9097
1,Polyline,,,,chelkot lines,,,,,,,,-1,209.9548,336.2346
1,Polyline,,,,chelkot lines,,,,,,,,-1,97.7670,595.7260
1,Polyline,,,,chelkot lines,,,,,,,,-1,991.1121,7955.8580
1,Polyline,,,,chelkot lines,,,,,,,,-1,123.6684,947.0057
1,Polyline,,,,chelkot lines,,,,,,,,-1,146.3182,412.8031
1,Polyline,,,,chelkot lines,,,,,,,,-1,117.7542,868.9713
1,Polyline,,,,chelkot lines,,,,,,,,-1,89.1876,454.0185
1,Polyline,,,,chelkot lines,,,,,,,,-1,64.7051,92.1841
1,Polyline,,,,chelkot lines,,,,,,,,-1,161.9840,1676.3054
1,Polyline,,,,chelkot lines,,,,,,,,-1,87.8091,469.0857
1,Polyline,,,,chelkot lines,,,,,,,,-1,36.9909,81.2417
1,Polyline,,,,chelkot lines,,,,,,,,-1,53.1751,85.9954
1,Polyline,,,,chelkot lines,,,,,,,,-1,172.0860,1660.2391
1,Polyline,,,,chelkot lines,,,,,,,,-1,420.2438,2242.6292
1,Polyline,,,,chelkot lines,,,,,,,,-1,106.7812,706.7827
1,Polyline,,,,chelkot lines,,,,,,,,-1,106.8314,711.1208
1,Polyline,,,,chelkot lines,,,,,,,,-1,177.1094,1667.7201
1,Polyline,,,,chelkot lines,,,,,,,,-1,87.1433,458.6474
1,Polyline,,,,chelkot lines,,,,,,,,-1,66.9382,50.7555
1,Polyline,,,,chelkot lines,,,,,,,,-1,117.4966,862.6600
1,Polyline,,,,chelkot lines,,,,,,,,-1,88.0722,471.9003
1,Polyline,,,,chelkot lines,,,,,,,,-1,109.5237,649.2134
1,Polyline,,,,chelkot lines,,,,,,,,-1,94.7704,580.7139
1,Polyline,,,,chelkot lines,,,,,,,,-1,186.6999,912.0082
1,Polyline,,,,chelkot lines,,,,,,,,-1,182.9996,2025.1606
1,Polyline,,,,chelkot lines,,,,,,,,-1,417.2159,2769.8414
1,Polyline,,,,chelkot lines,,,,,,,,-1,86.4133,440.0028
1,Polyline,,,,chelkot lines,,,,,,,,-1,187.1095,1794.7946
1,Polyline,,,,chelkot lines,,,,,,,,-1,80.6406,410.0875
1,Polyline,,,,2220,,,,,,,,-1,784.6112,33599.1278
1,Polyline,,,,chelkot lines,,,,,,,,-1,298.3854,2085.9522
1,Polyline,,,,chelkot lines,,,,,,,,-1,305.9372,3126.2679
1,Polyline,,,,chelkot lines,,,,,,,,-1,132.8113,998.2622
1,Polyline,,,,chelkot lines,,,,,,,,-1,319.9976,3964.3538
1,Polyline,,,,chelkot lines,,,,,,,,-1,214.3537,2161.4456
1,Polyline,,,,chelkot lines,,,,,,,,-1,320.8525,5358.7250
1,Polyline,,,,chelkot lines,,,,,,,,-1,187.0616,478.9775
1,Polyline,,,,chelkot lines,,,,,,,,-1,240.9963,2507.7302
1,Polyline,,,,chelkot lines,,,,,,,,-1,138.1158,1117.2124
1,Polyline,,,,chelkot lines,,,,,,,,-1,93.3139,497.1065
1,Polyline,,,,chelkot lines,,,,,,,,-1,908.1070,6586.5858
1,Polyline,,,,chelkot lines,,,,,,,,-1,101.4088,660.1292
1,Polyline,,,,chelkot lines,,,,,,,,-1,397.4016,6076.9425
1,Polyline,,,,chelkot lines,,,,,,,,-1,496.8180,3162.7158
1,Polyline,,,,chelkot lines,,,,,,,,-1,121.8302,941.4652
1,Polyline,,,,chelkot lines,,,,,,,,-1,221.6634,2490.5461
1,Polyline,,,,chelkot lines,,,,,,,,-1,102.0622,650.7955
1,Polyline,,,,chelkot lines,,,,,,,,-1,605.4686,2155.3707
1,Polyline,,,,chelkot lines,,,,,,,,-1,102.0437,650.5547
1,Polyline,,,,chelkot lines,,,,,,,,-1,755.8757,3985.8567
1,Polyline,,,,chelkot lines,,,,,,,,-1,102.0483,650.5574
1,Polyline,,,,chelkot lines,,,,,,,,-1,79.5032,390.6036
1,Polyline,,,,chelkot lines,,,,,,,,-1,196.9510,303.1742
1,Polyline,,,,chelkot lines,,,,,,,,-1,62.0509,83.8846
1,Polyline,,,,chelkot lines,,,,,,,,-1,104.2940,659.9969
1,Polyline,,,,chelkot lines,,,,,,,,-1,111.8467,781.8162
1,Polyline,,,,chelkot lines,,,,,,,,-1,61.2052,79.7109
1,Polyline,,,,chelkot lines,,,,,,,,-1,101.0890,632.0016
1,Polyline,,,,chelkot lines,,,,,,,,-1,100.0273,617.5822
1,Polyline,,,,chelkot lines,,,,,,,,-1,117.8947,866.8438
1,Polyline,,,,chelkot lines,,,,,,,,-1,111.4475,770.6937
1,Polyline,,,,chelkot lines,,,,,,,,-1,214.9193,2449.3119
1,Polyline,,,,chelkot lines,,,,,,,,-1,99.7139,209.3255
1,Polyline,,,,chelkot lines,,,,,,,,-1,78.9836,327.5163
1,Polyline,,,,chelkot lines,,,,,,,,-1,60.7201,83.4784
1,Polyline,,,,chelkot lines,,,,,,,,-1,99.2096,609.2379
1,Polyline,,,,chelkot lines,,,,,,,,-1,151.7462,1167.2362
1,Polyline,,,,chelkot lines,,,,,,,,-1,382.8362,1725.1513
1,Polyline,,,,chelkot lines,,,,,,,,-1,119.1687,310.7941
1,Polyline,,,,chelkot lines,,,,,,,,-1,189.1719,1899.1432
1,Polyline,,,,chelkot lines,,,,,,,,-1,120.5537,673.1973
1,Polyline,,,,chelkot lines,,,,,,,,-1,324.9155,1977.4858
1,Polyline,,,,chelkot lines,,,,,,,,-1,383.7404,2382.8888
1,Polyline,,,,chelkot lines,,,,,,,,-1,61.3215,86.4741
1,Polyline,,,,chelkot lines,,,,,,,,-1,102.7043,654.0600
1,Polyline,,,,chelkot lines,,,,,,,,-1,62.4714,84.3103
1,Polyline,,,,chelkot lines,,,,,,,,-1,102.2899,616.0065
1,Polyline,,,,chelkot lines,,,,,,,,-1,107.6025,711.9839
1,Polyline,,,,chelkot lines,,,,,,,,-1,123.9753,952.0115
1,Polyline,,,,chelkot lines,,,,,,,,-1,71.2552,154.7285
1,Polyline,,,,chelkot lines,,,,,,,,-1,159.3325,1384.9105
1,Polyline,,,,chelkot lines,,,,,,,,-1,191.0267,1884.4032
1,Polyline,,,,chelkot lines,,,,,,,,-1,27.5406,32.4709
1,Polyline,,,,chelkot lines,,,,,,,,-1,161.4327,1385.2321
1,Polyline,,,,chelkot lines,,,,,,,,-1,61.6663,83.0828
1,Polyline,,,,chelkot lines,,,,,,,,-1,92.2451,540.3300
1,Polyline,,,,chelkot lines,,,,,,,,-1,112.7681,147.2908
1,Polyline,,,,chelkot lines,,,,,,,,-1,110.6633,791.2654
1,Polyline,,,,chelkot lines,,,,,,,,-1,137.3194,1116.8895
1,Polyline,,,,chelkot lines,,,,,,,,-1,106.0684,537.9490
1,Polyline,,,,chelkot lines,,,,,,,,-1,313.8969,1275.9193
1,Polyline,,,,chelkot lines,,,,,,,,-1,113.8072,811.1770
1,Polyline,,,,chelkot lines,,,,,,,,-1,139.3946,1194.7753
1,Polyline,,,,chelkot lines,,,,,,,,-1,162.2356,1333.3836
1,Polyline,,,,chelkot lines,,,,,,,,-1,157.5317,1589.9313
1,Polyline,,,,chelkot lines,,,,,,,,-1,229.5921,275.8138
1,Polyline,,,,chelkot lines,,,,,,,,-1,63.6856,102.2533
1,Polyline,,,,chelkot lines,,,,,,,,-1,232.3112,1658.0964
1,Polyline,,,,chelkot lines,,,,,,,,-1,198.4402,228.7624
1,Polyline,,,,chelkot lines,,,,,,,,-1,83.9260,122.7955
1,Polyline,,,,chelkot lines,,,,,,,,-1,106.5044,706.6804
1,Polyline,,,,chelkot lines,,,,,,,,-1,155.3383,1330.7282
1,Polyline,,,,chelkot lines,,,,,,,,-1,93.4755,545.2287
1,Polyline,,,,chelkot lines,,,,,,,,-1,89.8332,494.6646
1,Polyline,,,,chelkot lines,,,,,,,,-1,100.4324,197.7830
1,Polyline,,,,chelkot lines,,,,,,,,-1,179.5799,1663.1655
1,Polyline,,,,chelkot lines,,,,,,,,-1,88.9432,487.9787
1,Polyline,,,,chelkot lines,,,,,,,,-1,120.3121,791.2231
1,Polyline,,,,chelkot lines,,,,,,,,-1,157.1155,1258.6024
1,Polyline,,,,chelkot lines,,,,,,,,-1,89.0421,152.0877
1,Polyline,,,,chelkot lines,,,,,,,,-1,79.0549,384.2185
1,Polyline,,,,chelkot lines,,,,,,,,-1,171.9519,353.8503
1,Polyline,,,,chelkot lines,,,,,,,,-1,116.1805,825.4578
1,Polyline,,,,chelkot lines,,,,,,,,-1,100.4053,615.3330
1,Polyline,,,,chelkot lines,,,,,,,,-1,65.0863,59.0685
1,Polyline,,,,chelkot lines,,,,,,,,-1,156.4908,1263.8345
1,Polyline,,,,chelkot lines,,,,,,,,-1,102.3369,645.0532
1,Polyline,,,,chelkot lines,,,,,,,,-1,52.4618,161.7133
1,Polyline,,,,chelkot lines,,,,,,,,-1,114.5898,711.0121
1,Polyline,,,,chelkot lines,,,,,,,,-1,62.4336,82.2549
1,Polyline,,,,chelkot lines,,,,,,,,-1,193.1241,2089.3619
1,Polyline,,,,chelkot lines,,,,,,,,-1,128.7483,329.5762
1,Polyline,,,,chelkot lines,,,,,,,,-1,106.2467,707.9671
1,Polyline,,,,chelkot lines,,,,,,,,-1,108.7397,682.3095
1,Polyline,,,,chelkot lines,,,,,,,,-1,62.2446,86.4872
1,Polyline,,,,chelkot lines,,,,,,,,-1,88.5256,486.4863
1,Polyline,,,,chelkot lines,,,,,,,,-1,107.6887,709.9524
1,Polyline,,,,chelkot lines,,,,,,,,-1,178.2681,1715.3718
1,Polyline,,,,chelkot lines,,,,,,,,-1,61.2423,68.6557
1,Polyline,,,,chelkot lines,,,,,,,,-1,89.6404,492.2422
1,Polyline,,,,chelkot lines,,,,,,,,-1,100.0619,553.7833
1,Polyline,,,,chelkot lines,,,,,,,,-1,68.3256,270.7848
1,2206,ירחסמ זכרמ,17,8300,2206,0,2,180040.0896,654711.6160,0.0000,114,29,,,
1,2206,ירחסמ זכרמ,17,8300,2206,0,2,180032.6077,654650.5735,0.0000,114,29,,,
1,2206,ירחסמ זכרמ,17,8300,2206,0,2,180034.9141,654675.1576,0.0000,114,29,,,
1,2206,ירחסמ זכרמ,17,8300,2206,0,2,180029.7607,654621.0651,0.0000,114,29,,,
1,2206,טלקמ,14,8300,2206,0,1,180195.2879,654647.7471,0.0000,130,28,,,
1,2206,טלקמ,13,8300,2206,0,1,179983.3489,654456.6579,0.0000,140,28,,,
1,2206,סיפ לעפמ ןכוד,14,8300,2206,0,1,180036.5218,654695.1358,0.0000,104,41,,,
1,2206,היישעת,10,8300,2206,0,1,180382.3796,654382.0420,0.0000,736,43,,,
1,2206,תסנכ תיב,34,8300,2206,1,1,180012.2314,654506.2830,0.0000,140,5,,,
1,2206,תסנכ תיב,32,8300,2206,1,2,180017.5309,654510.5893,0.0000,140,5,,,
1,2206,תסנכ תיב,36,8300,2206,1,1,180007.2907,654514.4567,0.0000,140,5,,,
1,2206,„†„ ‰‚ ˜…‰ƒ ‰,3,8300,2206,78,7,179917.4962,654614.8621,0.0000,128,99,,,
1,2206,—‘…‰—,20,8300,2206,0,1,180304.1829,654690.1255,0.0000,105,99,,,
1,2206,טלקמ,28,8300,2206,0,1,180140.8065,654335.0782,0.0000,108,28,,,
1,2206,תסנכ תיב,38,8300,2206,1,2,179993.4643,654515.7145,0.0000,140,5,,,
1,2206,תסנכ תיב,13,8300,2206,0,2,179990.3644,654435.5352,0.0000,140,5,,,
1,2206,האפרמ,4,8300,2206,1,1,179956.0353,654447.0702,0.0000,104,32,,,
1,MText,,,,chelkot numbers,,,,,,,,,,
1,MText,,,,chelkot numbers,,,,,,,,,,
1,MText,,,,chelkot numbers,,,,,,,,,,
1,MText,,,,chelkot numbers,,,,,,,,,,
1,MText,,,,chelkot numbers,,,,,,,,,,
1,MText,,,,chelkot numbers,,,,,,,,,,
1,MText,,,,chelkot numbers,,,,,,,,,,
1,MText,,,,chelkot numbers,,,,,,,,,,
1,MText,,,,chelkot numbers,,,,,,,,,,
1,MText,,,,chelkot numbers,,,,,,,,,,
1,MText,,,,chelkot numbers,,,,,,,,,,
1,MText,,,,chelkot numbers,,,,,,,,,,
1,MText,,,,chelkot numbers,,,,,,,,,,
1,MText,,,,chelkot numbers,,,,,,,,,,
1,MText,,,,chelkot numbers,,,,,,,,,,
1,MText,,,,chelkot numbers,,,,,,,,,,
1,MText,,,,chelkot numbers,,,,,,,,,,
1,MText,,,,chelkot numbers,,,,,,,,,,
1,MText,,,,chelkot numbers,,,,,,,,,,
1,MText,,,,chelkot numbers,,,,,,,,,,
1,MText,,,,chelkot numbers,,,,,,,,,,
1,MText,,,,chelkot numbers,,,,,,,,,,
1,MText,,,,chelkot numbers,,,,,,,,,,
1,MText,,,,chelkot numbers,,,,,,,,,,
1,MText,,,,chelkot numbers,,,,,,,,,,
1,MText,,,,chelkot numbers,,,,,,,,,,
1,MText,,,,chelkot numbers,,,,,,,,,,
1,MText,,,,chelkot numbers,,,,,,,,,,
1,MText,,,,chelkot numbers,,,,,,,,,,
1,MText,,,,chelkot numbers,,,,,,,,,,
1,MText,,,,chelkot numbers,,,,,,,,,,
1,MText,,,,chelkot numbers,,,,,,,,,,
1,MText,,,,chelkot numbers,,,,,,,,,,
1,MText,,,,chelkot numbers,,,,,,,,,,
1,MText,,,,chelkot numbers,,,,,,,,,,
1,MText,,,,chelkot numbers,,,,,,,,,,
1,MText,,,,chelkot numbers,,,,,,,,,,
1,MText,,,,chelkot numbers,,,,,,,,,,
1,MText,,,,chelkot numbers,,,,,,,,,,
1,MText,,,,chelkot numbers,,,,,,,,,,
1,MText,,,,chelkot numbers,,,,,,,,,,
1,MText,,,,chelkot numbers,,,,,,,,,,
1,MText,,,,chelkot numbers,,,,,,,,,,
1,MText,,,,chelkot numbers,,,,,,,,,,
1,MText,,,,chelkot numbers,,,,,,,,,,
1,MText,,,,chelkot numbers,,,,,,,,,,
1,MText,,,,chelkot numbers,,,,,,,,,,
1,MText,,,,chelkot numbers,,,,,,,,,,
1,MText,,,,chelkot numbers,,,,,,,,,,
1,MText,,,,chelkot numbers,,,,,,,,,,
1,MText,,,,chelkot numbers,,,,,,,,,,
1,MText,,,,chelkot numbers,,,,,,,,,,
1,MText,,,,chelkot numbers,,,,,,,,,,
1,MText,,,,chelkot numbers,,,,,,,,,,
1,MText,,,,chelkot numbers,,,,,,,,,,
1,MText,,,,chelkot numbers,,,,,,,,,,
1,MText,,,,chelkot numbers,,,,,,,,,,
1,MText,,,,chelkot numbers,,,,,,,,,,
1,MText,,,,chelkot numbers,,,,,,,,,,
1,MText,,,,chelkot numbers,,,,,,,,,,
1,MText,,,,chelkot numbers,,,,,,,,,,
1,MText,,,,chelkot numbers,,,,,,,,,,
1,MText,,,,chelkot numbers,,,,,,,,,,
1,MText,,,,chelkot numbers,,,,,,,,,,
1,MText,,,,chelkot numbers,,,,,,,,,,
1,MText,,,,chelkot numbers,,,,,,,,,,
1,MText,,,,chelkot numbers,,,,,,,,,,
1,MText,,,,chelkot numbers,,,,,,,,,,
1,MText,,,,chelkot numbers,,,,,,,,,,
1,MText,,,,chelkot numbers,,,,,,,,,,
1,MText,,,,chelkot numbers,,,,,,,,,,
1,MText,,,,chelkot numbers,,,,,,,,,,
1,MText,,,,chelkot numbers,,,,,,,,,,
1,MText,,,,chelkot numbers,,,,,,,,,,
1,MText,,,,chelkot numbers,,,,,,,,,,
1,MText,,,,chelkot numbers,,,,,,,,,,
1,MText,,,,chelkot numbers,,,,,,,,,,
1,MText,,,,chelkot numbers,,,,,,,,,,
1,MText,,,,chelkot numbers,,,,,,,,,,
1,MText,,,,chelkot numbers,,,,,,,,,,
1,MText,,,,chelkot numbers,,,,,,,,,,
1,MText,,,,chelkot numbers,,,,,,,,,,
1,MText,,,,chelkot numbers,,,,,,,,,,
1,MText,,,,chelkot numbers,,,,,,,,,,
1,MText,,,,chelkot numbers,,,,,,,,,,
1,MText,,,,chelkot numbers,,,,,,,,,,
1,MText,,,,chelkot numbers,,,,,,,,,,
1,MText,,,,chelkot numbers,,,,,,,,,,
1,MText,,,,chelkot numbers,,,,,,,,,,
1,MText,,,,chelkot numbers,,,,,,,,,,
1,MText,,,,chelkot numbers,,,,,,,,,,
1,MText,,,,chelkot numbers,,,,,,,,,,
1,MText,,,,chelkot numbers,,,,,,,,,,
1,MText,,,,chelkot numbers,,,,,,,,,,
1,MText,,,,chelkot numbers,,,,,,,,,,
1,MText,,,,chelkot numbers,,,,,,,,,,
1,MText,,,,chelkot numbers,,,,,,,,,,
1,MText,,,,chelkot numbers,,,,,,,,,,
1,MText,,,,chelkot numbers,,,,,,,,,,
1,MText,,,,chelkot numbers,,,,,,,,,,
1,MText,,,,chelkot numbers,,,,,,,,,,
1,MText,,,,chelkot numbers,,,,,,,,,,
1,MText,,,,chelkot numbers,,,,,,,,,,
1,MText,,,,chelkot numbers,,,,,,,,,,
1,MText,,,,chelkot numbers,,,,,,,,,,
1,MText,,,,chelkot numbers,,,,,,,,,,
1,MText,,,,chelkot numbers,,,,,,,,,,
1,MText,,,,chelkot numbers,,,,,,,,,,
1,MText,,,,chelkot numbers,,,,,,,,,,
1,MText,,,,chelkot numbers,,,,,,,,,,
1,MText,,,,chelkot numbers,,,,,,,,,,
1,MText,,,,chelkot numbers,,,,,,,,,,
1,MText,,,,chelkot numbers,,,,,,,,,,
1,MText,,,,chelkot numbers,,,,,,,,,,
1,MText,,,,chelkot numbers,,,,,,,,,,
1,MText,,,,chelkot numbers,,,,,,,,,,
1,MText,,,,chelkot numbers,,,,,,,,,,
1,MText,,,,chelkot numbers,,,,,,,,,,
1,MText,,,,chelkot numbers,,,,,,,,,,
1,MText,,,,chelkot numbers,,,,,,,,,,
1,MText,,,,chelkot numbers,,,,,,,,,,
1,MText,,,,chelkot numbers,,,,,,,,,,
1,MText,,,,chelkot numbers,,,,,,,,,,
1,MText,,,,chelkot numbers,,,,,,,,,,
1,MText,,,,chelkot numbers,,,,,,,,,,
1,MText,,,,chelkot numbers,,,,,,,,,,
1,MText,,,,chelkot numbers,,,,,,,,,,
1,MText,,,,chelkot numbers,,,,,,,,,,
1,MText,,,,chelkot numbers,,,,,,,,,,
1,MText,,,,chelkot numbers,,,,,,,,,,
1,MText,,,,chelkot numbers,,,,,,,,,,
1,MText,,,,chelkot numbers,,,,,,,,,,
1,MText,,,,chelkot numbers,,,,,,,,,,
1,MText,,,,chelkot numbers,,,,,,,,,,
1,MText,,,,chelkot numbers,,,,,,,,,,
1,MText,,,,chelkot numbers,,,,,,,,,,
1,MText,,,,chelkot numbers,,,,,,,,,,
1,MText,,,,chelkot numbers,,,,,,,,,,
1,MText,,,,chelkot numbers,,,,,,,,,,
1,MText,,,,chelkot numbers,,,,,,,,,,
1,MText,,,,chelkot numbers,,,,,,,,,,
1,MText,,,,chelkot numbers,,,,,,,,,,
1,MText,,,,chelkot numbers,,,,,,,,,,
1,MText,,,,chelkot numbers,,,,,,,,,,
1,MText,,,,chelkot numbers,,,,,,,,,,
1,MText,,,,chelkot numbers,,,,,,,,,,
1,MText,,,,chelkot numbers,,,,,,,,,,
1,MText,,,,chelkot numbers,,,,,,,,,,
1,MText,,,,chelkot numbers,,,,,,,,,,
1,MText,,,,chelkot numbers,,,,,,,,,,
1,MText,,,,chelkot numbers,,,,,,,,,,
1,MText,,,,chelkot numbers,,,,,,,,,,
1,MText,,,,chelkot numbers,,,,,,,,,,
1,MText,,,,chelkot numbers,,,,,,,,,,
1,MText,,,,chelkot numbers,,,,,,,,,,
1,MText,,,,chelkot numbers,,,,,,,,,,
1,MText,,,,chelkot numbers,,,,,,,,,,
1,MText,,,,chelkot numbers,,,,,,,,,,
1,MText,,,,chelkot numbers,,,,,,,,,,
1,MText,,,,chelkot numbers,,,,,,,,,,
1,MText,,,,chelkot numbers,,,,,,,,,,
1,MText,,,,chelkot numbers,,,,,,,,,,
1,MText,,,,chelkot numbers,,,,,,,,,,
1,Polyline,,,,chelkot lines,,,,,,,,-1,96.7824,478.1363
1,Polyline,,,,chelkot lines,,,,,,,,-1,101.2226,489.8967
1,Polyline,,,,chelkot lines,,,,,,,,-1,92.8129,391.3534
1,Polyline,,,,chelkot lines,,,,,,,,-1,97.6840,500.9704
1,Polyline,,,,chelkot lines,,,,,,,,-1,426.9675,323.8882
1,Polyline,,,,chelkot lines,,,,,,,,-1,153.7411,1217.0888
1,Polyline,,,,chelkot lines,,,,,,,,-1,141.7038,215.5579
1,Polyline,,,,chelkot lines,,,,,,,,-1,127.5824,870.3152
1,Polyline,,,,chelkot lines,,,,,,,,-1,107.4880,587.8664
1,Polyline,,,,chelkot lines,,,,,,,,-1,95.7432,471.1904
1,Polyline,,,,chelkot lines,,,,,,,,-1,164.9814,1473.0106
1,Polyline,,,,chelkot lines,,,,,,,,-1,200.0922,1802.2051
1,Polyline,,,,chelkot lines,,,,,,,,-1,76.5998,158.1528
1,Polyline,,,,chelkot lines,,,,,,,,-1,71.9609,91.5891
1,Polyline,,,,chelkot lines,,,,,,,,-1,122.2585,809.3564
1,Polyline,,,,chelkot lines,,,,,,,,-1,95.4763,464.3333
1,Polyline,,,,chelkot lines,,,,,,,,-1,96.7218,486.9371
1,Polyline,,,,chelkot lines,,,,,,,,-1,295.6472,2346.2440
1,Polyline,,,,chelkot lines,,,,,,,,-1,162.0514,1417.6328
1,Polyline,,,,chelkot lines,,,,,,,,-1,104.4230,152.6430
1,Polyline,,,,chelkot lines,,,,,,,,-1,135.2462,917.2309
1,Polyline,,,,chelkot lines,,,,,,,,-1,205.3073,1501.6738
1,Polyline,,,,chelkot lines,,,,,,,,-1,136.3686,804.6760
1,Polyline,,,,chelkot lines,,,,,,,,-1,141.0695,1218.5559
1,Polyline,,,,chelkot lines,,,,,,,,-1,129.2422,902.0338
1,Polyline,,,,chelkot lines,,,,,,,,-1,134.5600,1060.6098
1,Polyline,,,,chelkot lines,,,,,,,,-1,444.9038,2356.3590
1,Polyline,,,,chelkot lines,,,,,,,,-1,148.5742,1150.5862
1,Polyline,,,,chelkot lines,,,,,,,,-1,141.6605,1231.6979
1,Polyline,,,,chelkot lines,,,,,,,,-1,194.5413,2098.5609
1,Polyline,,,,chelkot lines,,,,,,,,-1,164.2201,1278.8315
1,Polyline,,,,chelkot lines,,,,,,,,-1,124.5736,198.7683
1,Polyline,,,,chelkot lines,,,,,,,,-1,139.2049,1002.6325
1,Polyline,,,,chelkot lines,,,,,,,,-1,174.8992,1429.4446
1,Polyline,,,,chelkot lines,,,,,,,,-1,136.3830,313.7767
1,Polyline,,,,chelkot lines,,,,,,,,-1,139.1519,1014.5068
1,Polyline,,,,chelkot lines,,,,,,,,-1,152.4132,160.0254
1,Polyline,,,,chelkot lines,,,,,,,,-1,132.6008,940.4740
1,Polyline,,,,chelkot lines,,,,,,,,-1,183.5427,2069.3146
1,Polyline,,,,chelkot lines,,,,,,,,-1,52.9033,112.1919
1,Polyline,,,,chelkot lines,,,,,,,,-1,166.8118,1498.9815
1,Polyline,,,,chelkot lines,,,,,,,,-1,100.6312,476.1418
1,Polyline,,,,chelkot lines,,,,,,,,-1,96.0361,463.5224
1,Polyline,,,,chelkot lines,,,,,,,,-1,99.4366,488.3572
1,Polyline,,,,chelkot lines,,,,,,,,-1,97.5340,592.8304
1,Polyline,,,,chelkot lines,,,,,,,,-1,95.6298,486.0740
1,Polyline,,,,chelkot lines,,,,,,,,-1,97.8901,483.0915
1,Polyline,,,,chelkot lines,,,,,,,,-1,97.7796,481.0433
1,Polyline,,,,chelkot lines,,,,,,,,-1,98.2016,491.2556
1,Polyline,,,,chelkot lines,,,,,,,,-1,97.1433,481.5562
1,Polyline,,,,chelkot lines,,,,,,,,-1,97.2674,479.9609
1,Polyline,,,,chelkot lines,,,,,,,,-1,114.9185,771.0510
1,Polyline,,,,chelkot lines,,,,,,,,-1,101.1176,640.9679
1,Polyline,,,,chelkot lines,,,,,,,,-1,182.1031,1737.6854
1,Polyline,,,,chelkot lines,,,,,,,,-1,177.1326,1948.6799
1,Polyline,,,,chelkot lines,,,,,,,,-1,60.2143,71.7552
1,Polyline,,,,chelkot lines,,,,,,,,-1,27.8161,33.7245
1,Polyline,,,,chelkot lines,,,,,,,,-1,57.7659,76.3950
1,Polyline,,,,chelkot lines,,,,,,,,-1,95.9818,582.6122
1,Polyline,,,,chelkot lines,,,,,,,,-1,147.0563,1255.3286
1,Polyline,,,,chelkot lines,,,,,,,,-1,83.9488,404.2126
1,Polyline,,,,chelkot lines,,,,,,,,-1,108.4019,349.3362
1,Polyline,,,,chelkot lines,,,,,,,,-1,53.1175,97.0064
1,Polyline,,,,chelkot lines,,,,,,,,-1,110.4069,740.2417
1,Polyline,,,,chelkot lines,,,,,,,,-1,166.5768,1679.5175
1,Polyline,,,,chelkot lines,,,,,,,,-1,172.1567,1616.4095
1,Polyline,,,,chelkot lines,,,,,,,,-1,17.6881,14.4228
1,Polyline,,,,chelkot lines,,,,,,,,-1,99.5851,538.3403
1,Polyline,,,,chelkot lines,,,,,,,,-1,169.5925,1545.3667
1,Polyline,,,,chelkot lines,,,,,,,,-1,137.0395,1136.2331
1,Polyline,,,,chelkot lines,,,,,,,,-1,191.3650,2081.5718
1,Polyline,,,,chelkot lines,,,,,,,,-1,99.8390,509.2576
1,Polyline,,,,chelkot lines,,,,,,,,-1,99.6677,504.3869
1,Polyline,,,,chelkot lines,,,,,,,,-1,99.6234,511.7436
1,Polyline,,,,chelkot lines,,,,,,,,-1,97.9518,484.2796
1,Polyline,,,,chelkot lines,,,,,,,,-1,95.7270,469.4871
1,Polyline,,,,chelkot lines,,,,,,,,-1,128.4691,1015.6705
1,Polyline,,,,chelkot lines,,,,,,,,-1,431.5591,1497.4019
1,Polyline,,,,chelkot lines,,,,,,,,-1,145.1789,1314.9048
1,Polyline,,,,chelkot lines,,,,,,,,-1,100.3620,629.1326
1,Polyline,,,,chelkot lines,,,,,,,,-1,67.4108,85.1269
1,MText,,,,chelkot numbers,,,,,,,,,,
1,MText,,,,chelkot numbers,,,,,,,,,,
1,MText,,,,chelkot numbers,,,,,,,,,,
1,MText,,,,chelkot numbers,,,,,,,,,,
1,MText,,,,chelkot numbers,,,,,,,,,,
1,MText,,,,chelkot numbers,,,,,,,,,,
1,MText,,,,chelkot numbers,,,,,,,,,,
1,MText,,,,chelkot numbers,,,,,,,,,,
1,MText,,,,chelkot numbers,,,,,,,,,,
1,MText,,,,chelkot numbers,,,,,,,,,,
1,MText,,,,chelkot numbers,,,,,,,,,,
1,MText,,,,chelkot numbers,,,,,,,,,,
1,MText,,,,chelkot numbers,,,,,,,,,,
1,MText,,,,chelkot numbers,,,,,,,,,,
1,MText,,,,chelkot numbers,,,,,,,,,,
1,MText,,,,chelkot numbers,,,,,,,,,,
1,MText,,,,chelkot numbers,,,,,,,,,,
1,MText,,,,chelkot numbers,,,,,,,,,,
1,MText,,,,chelkot numbers,,,,,,,,,,
1,MText,,,,chelkot numbers,,,,,,,,,,
1,MText,,,,chelkot numbers,,,,,,,,,,
1,MText,,,,chelkot numbers,,,,,,,,,,
1,MText,,,,chelkot numbers,,,,,,,,,,
1,MText,,,,chelkot numbers,,,,,,,,,,
1,MText,,,,chelkot numbers,,,,,,,,,,
1,MText,,,,chelkot numbers,,,,,,,,,,
1,MText,,,,chelkot numbers,,,,,,,,,,
1,MText,,,,chelkot numbers,,,,,,,,,,
1,MText,,,,chelkot numbers,,,,,,,,,,
1,MText,,,,chelkot numbers,,,,,,,,,,
1,MText,,,,chelkot numbers,,,,,,,,,,
1,MText,,,,chelkot numbers,,,,,,,,,,
1,MText,,,,chelkot numbers,,,,,,,,,,
1,MText,,,,chelkot numbers,,,,,,,,,,
1,MText,,,,chelkot numbers,,,,,,,,,,
1,MText,,,,chelkot numbers,,,,,,,,,,
1,MText,,,,chelkot numbers,,,,,,,,,,
1,MText,,,,chelkot numbers,,,,,,,,,,
1,MText,,,,chelkot numbers,,,,,,,,,,
1,MText,,,,chelkot numbers,,,,,,,,,,
1,MText,,,,chelkot numbers,,,,,,,,,,
1,Polyline,,,,chelkot lines,,,,,,,,-1,147.1682,1339.9963
1,Polyline,,,,chelkot lines,,,,,,,,-1,151.8784,1235.7357
1,Polyline,,,,chelkot lines,,,,,,,,-1,331.1104,1727.3408
1,Polyline,,,,chelkot lines,,,,,,,,-1,119.7677,763.2829
1,Polyline,,,,chelkot lines,,,,,,,,-1,34.4495,42.3734
1,Polyline,,,,chelkot lines,,,,,,,,-1,468.4816,5074.3409
1,Polyline,,,,chelkot lines,,,,,,,,-1,168.6570,783.6317
1,Polyline,,,,chelkot lines,,,,,,,,-1,784.4061,8136.5920
1,Polyline,,,,chelkot lines,,,,,,,,-1,132.9149,1088.7656
1,Polyline,,,,chelkot lines,,,,,,,,-1,777.3079,4017.7644
1,Polyline,,,,chelkot lines,,,,,,,,-1,139.2989,1133.6324
1,Polyline,,,,chelkot lines,,,,,,,,-1,19.2584,20.1294
1,Polyline,,,,chelkot lines,,,,,,,,-1,108.5751,150.7234
1,Polyline,,,,chelkot lines,,,,,,,,-1,85.8276,437.8289
1,Polyline,,,,chelkot lines,,,,,,,,-1,25.4083,29.4966
1,Polyline,,,,chelkot lines,,,,,,,,-1,111.5956,690.7110
1,Polyline,,,,chelkot lines,,,,,,,,-1,117.4587,758.2259
1,Polyline,,,,chelkot lines,,,,,,,,-1,90.3811,70.1998
1,Polyline,,,,chelkot lines,,,,,,,,-1,84.2416,50.0704
1,Polyline,,,,chelkot lines,,,,,,,,-1,678.9770,6502.0069
1,MText,,,,chelkot numbers,,,,,,,,,,
1,MText,,,,chelkot numbers,,,,,,,,,,
1,MText,,,,chelkot numbers,,,,,,,,,,
1,MText,,,,chelkot numbers,,,,,,,,,,
1,MText,,,,chelkot numbers,,,,,,,,,,
1,MText,,,,chelkot numbers,,,,,,,,,,
1,MText,,,,chelkot numbers,,,,,,,,,,
1,MText,,,,chelkot numbers,,,,,,,,,,
1,MText,,,,chelkot numbers,,,,,,,,,,
1,MText,,,,chelkot numbers,,,,,,,,,,
1,Polyline,,,,chelkot lines,,,,,,,,-1,167.2101,190.8833
1,Polyline,,,,chelkot lines,,,,,,,,-1,382.6173,1997.9854
1,Polyline,,,,chelkot lines,,,,,,,,-1,110.6763,685.8967
1,Polyline,,,,chelkot lines,,,,,,,,-1,546.2688,4372.2430
1,Polyline,,,,chelkot lines,,,,,,,,-1,141.5564,1148.4522
1,MText,,,,chelkot numbers,,,,,,,,,,
1,MText,,,,chelkot numbers,,,,,,,,,,
1,MText,,,,chelkot numbers,,,,,,,,,,
1,Polyline,,,,chelkot lines,,,,,,,,-1,953.0038,9349.9270
1,Polyline,,,,chelkot lines,,,,,,,,-1,389.4947,5820.4195
1,2802,,,,2802,,,180108.4400,654438.0300,62.4900,,,,,
1,Attribute Definition,,,,0,,,180108.4400,654438.5300,62.4900,,,,,
1,Attribute Definition,,,,0,,,180116.9677,654422.6558,62.1900,,,,,
1,2802,,,,2802,,,180118.1100,654422.3600,62.1900,,,,,
1,Attribute Definition,,,,0,,,180118.1100,654422.8600,62.1900,,,,,
1,Attribute Definition,,,,0,,,180114.5977,654437.5958,62.3000,,,,,
1,2802,,,,2802,,,179934.0800,654348.6500,61.5100,,,,,
1,Attribute Definition,,,,0,,,180115.7400,654437.8000,62.3000,,,,,
1,Attribute Definition,,,,0,,,180107.2977,654438.3258,62.4900,,,,,
1,2802,,,,2802,,,180115.7400,654437.3000,62.3000,,,,,
1,Attribute Definition,,,,0,,,180060.7577,654434.1558,63.1700,,,,,
1,2802,,,,2802,,,180100.6300,654414.7300,62.4300,,,,,
1,Attribute Definition,,,,0,,,180061.9000,654434.3600,63.1700,,,,,
1,3D Polyline,,,,2200,,,,,,,,-1,42.4615,
1,2802,,,,2802,,,180061.9000,654433.8600,63.1700,,,,,
1,Attribute Definition,,,,0,,,180117.5900,654504.6700,63.5800,,,,,
1,Attribute Definition,,,,0,,,180116.4477,654504.4658,63.5800,,,,,
1,2802,,,,2802,,,180117.5900,654504.1700,63.5800,,,,,
1,Attribute Definition,,,,0,,,180100.6300,654415.2300,62.4300,,,,,
1,Attribute Definition,,,,0,,,180099.4877,654415.0258,62.4300,,,,,
1,Attribute Definition,,,,0,,,179849.0277,654368.2258,58.6600,,,,,
1,2802,,,,2802,,,179855.5300,654394.8100,58.6500,,,,,
1,Attribute Definition,,,,0,,,179850.1700,654368.4300,58.6600,,,,,
1,Attribute Definition,,,,0,,,179890.5977,654327.0058,61.1100,,,,,
1,2802,,,,2802,,,179850.1700,654367.9300,58.6600,,,,,
1,Attribute Definition,,,,0,,,179838.4800,654340.4300,58.2400,,,,,
1,Attribute Definition,,,,0,,,179837.3377,654340.2258,58.2400,,,,,
1,2802,,,,2802,,,179838.4800,654339.9300,58.2400,,,,,
1,Attribute Definition,,,,0,,,179855.5300,654395.3100,58.6500,,,,,
1,Attribute Definition,,,,0,,,179854.3877,654395.1058,58.6500,,,,,
1,Attribute Definition,,,,0,,,179849.7900,654219.0900,61.2700,,,,,
1,Attribute Definition,,,,0,,,179848.6477,654218.8858,61.2700,,,,,
1,2802,,,,2802,,,179849.7900,654218.5900,61.2700,,,,,
1,Attribute Definition,,,,0,,,179934.0800,654349.1500,61.5100,,,,,
1,Attribute Definition,,,,0,,,179932.9377,654348.9458,61.5100,,,,,
1,2802,,,,2802,,,179891.7400,654326.7100,61.1100,,,,,
1,Attribute Definition,,,,0,,,179891.7400,654327.2100,61.1100,,,,,
1,Attribute Definition,,,,0,,,180068.2977,654287.2658,59.4300,,,,,
1,2802,,,,2802,,,180069.4400,654286.9700,59.4300,,,,,
1,Attribute Definition,,,,0,,,180069.4400,654287.4700,59.4300,,,,,
1,3D Polyline,,,,2200,,,,,,,,-1,42.0312,
1,3D Polyline,,,,2200,,,,,,,,-1,214.3794,
1,3D Polyline,,,,2200,,,,,,,,-1,109.5942,
1,3D Polyline,,,,2200,,,,,,,,-1,95.8833,
1,3D Polyline,,,,2200,,,,,,,,-1,79.4193,
1,3D Polyline,,,,2200,,,,,,,,-1,60.2141,
1,3D Polyline,,,,2200,,,,,,,,-1,86.1665,
1,3D Polyline,,,,2200,,,,,,,,-1,86.8985,
1,3D Polyline,,,,2200,,,,,,,,-1,104.3984,
1,3D Polyline,,,,2200,,,,,,,,-1,96.2172,
1,3D Polyline,,,,2200,,,,,,,,-1,99.6695,
1,3D Polyline,,,,2200,,,,,,,,-1,75.1385,
1,3D Polyline,,,,2200,,,,,,,,-1,77.7502,
1,3D Polyline,,,,2200,,,,,,,,-1,72.2524,
1,3D Polyline,,,,2200,,,,,,,,-1,67.4557,
1,3D Polyline,,,,2200,,,,,,,,-1,69.9619,
1,3D Polyline,,,,2200,,,,,,,,-1,69.6465,
1,3D Polyline,,,,2200,,,,,,,,-1,109.1573,
1,3D Polyline,,,,2200,,,,,,,,-1,67.8102,
1,3D Polyline,,,,2200,,,,,,,,-1,75.0759,
1,3D Polyline,,,,2200,,,,,,,,-1,85.3892,
1,3D Polyline,,,,2200,,,,,,,,-1,141.9490,
1,3D Polyline,,,,2200,,,,,,,,-1,147.6710,
1,3D Polyline,,,,2200,,,,,,,,-1,43.5746,
1,3D Polyline,,,,2200,,,,,,,,-1,0.4409,
1,3D Polyline,,,,2200,,,,,,,,-1,177.5049,
1,3D Polyline,,,,2200,,,,,,,,-1,8.9946,
1,3D Polyline,,,,2200,,,,,,,,-1,63.9250,
1,3D Polyline,,,,2200,,,,,,,,-1,243.9213,
1,3D Polyline,,,,2200,,,,,,,,-1,24.4895,
1,3D Polyline,,,,2200,,,,,,,,-1,26.4074,
1,3D Polyline,,,,2200,,,,,,,,-1,73.4555,
1,3D Polyline,,,,2200,,,,,,,,-1,66.1173,
1,3D Polyline,,,,2200,,,,,,,,-1,62.4651,
1,3D Polyline,,,,2200,,,,,,,,-1,73.6029,
1,3D Polyline,,,,2200,,,,,,,,-1,69.5636,
1,3D Polyline,,,,2200,,,,,,,,-1,14.3280,
1,3D Polyline,,,,2200,,,,,,,,-1,1.3615,
1,3D Polyline,,,,2200,,,,,,,,-1,110.3169,
1,3D Polyline,,,,2200,,,,,,,,-1,157.5069,
1,3D Polyline,,,,2200,,,,,,,,-1,131.2109,
1,2802,,,,2802,,,180169.8000,654304.3500,58.5400,,,,,
1,Attribute Definition,,,,0,,,180169.8000,654304.8500,58.5400,,,,,
1,Attribute Definition,,,,0,,,180187.0077,654291.5158,57.7500,,,,,
1,2802,,,,2802,,,180188.1500,654291.2200,57.7500,,,,,
1,Attribute Definition,,,,0,,,180188.1500,654291.7200,57.7500,,,,,
1,Attribute Definition,,,,0,,,180126.0977,654431.3358,61.9400,,,,,
1,2802,,,,2802,,,180119.7100,654488.8000,63.3000,,,,,
1,Attribute Definition,,,,0,,,180127.2400,654431.5400,61.9400,,,,,
1,Attribute Definition,,,,0,,,180168.6577,654304.6458,58.5400,,,,,
1,2802,,,,2802,,,180127.2400,654431.0400,61.9400,,,,,
1,Attribute Definition,,,,0,,,180215.0877,654394.0958,59.3600,,,,,
1,2802,,,,2802,,,180202.7300,654305.0600,57.9400,,,,,
1,Attribute Definition,,,,0,,,180216.2300,654394.3000,59.3600,,,,,
1,Attribute Definition,,,,0,,,180161.0677,654302.2158,58.0400,,,,,
1,2802,,,,2802,,,180216.2300,654393.8000,59.3600,,,,,
1,Attribute Definition,,,,0,,,180169.4400,654299.4700,58.2500,,,,,
1,Attribute Definition,,,,0,,,180168.2977,654299.2658,58.2500,,,,,
1,2802,,,,2802,,,180169.4400,654298.9700,58.2500,,,,,
1,Attribute Definition,,,,0,,,180202.7300,654305.5600,57.9400,,,,,
1,Attribute Definition,,,,0,,,180201.5877,654305.3558,57.9400,,,,,
1,Attribute Definition,,,,0,,,179832.3075,654431.3758,58.6900,,,,,
1,2809,,,,2809,,,179847.9400,654430.0900,58.6100,,,,,
1,Attribute Definition,,,,0,,,179832.4528,654431.5800,58.6900,,,,,
1,Attribute Definition,,,,0,,,179864.9275,654459.4558,58.1200,,,,,
1,2809,,,,2809,,,179833.7600,654431.0800,58.6900,,,,,
1,Attribute Definition,,,,0,,,179928.0628,654246.6800,60.0200,,,,,
1,Attribute Definition,,,,0,,,179927.9175,654246.4758,60.0200,,,,,
1,2809,,,,2809,,,179929.3700,654246.1800,60.0200,,,,,
1,Attribute Definition,,,,0,,,179846.6328,654430.5900,58.6100,,,,,
1,Attribute Definition,,,,0,,,179846.4875,654430.3858,58.6100,,,,,
1,Attribute Definition,,,,0,,,180146.5500,654307.6200,58.1100,,,,,
1,Attribute Definition,,,,0,,,180145.4077,654307.4158,58.1100,,,,,
1,2802,,,,2802,,,180146.5500,654307.1200,58.1100,,,,,
1,Attribute Definition,,,,0,,,180119.7100,654489.3000,63.3000,,,,,
1,Attribute Definition,,,,0,,,180118.5677,654489.0958,63.3000,,,,,
1,2809,,,,2809,,,179866.3800,654459.1600,58.1200,,,,,
1,Attribute Definition,,,,0,,,179865.0728,654459.6600,58.1200,,,,,
1,Attribute Definition,,,,0,,,179818.4175,654437.1258,58.0300,,,,,
1,2809,,,,2809,,,179819.8700,654436.8300,58.0300,,,,,
1,Attribute Definition,,,,0,,,179818.5628,654437.3300,58.0300,,,,,
1,Attribute Definition,,,,0,,,180162.2100,654302.4200,58.0400,,,,,
1,Attribute Definition,,,,0,,,180119.1700,654765.2600,66.0800,,,,,
1,Attribute Definition,,,,0,,,180118.0277,654765.0558,66.0800,,,,,
1,2802,,,,2802,,,180119.1700,654764.7600,66.0800,,,,,
1,Attribute Definition,,,,0,,,179892.9300,654581.6200,60.6100,,,,,
1,Attribute Definition,,,,0,,,179891.7877,654581.4158,60.6100,,,,,
1,2802,,,,2802,,,180194.0000,654264.4800,56.0700,,,,,
1,Attribute Definition,,,,0,,,180194.0000,654264.9800,56.0700,,,,,
1,Attribute Definition,,,,0,,,180017.6677,654646.7858,65.0800,,,,,
1,2802,,,,2802,,,180018.8100,654646.4900,65.0800,,,,,
1,Attribute Definition,,,,0,,,180018.8100,654646.9900,65.0800,,,,,
1,2802,,,,2802,,,179883.8000,654582.6000,60.1500,,,,,
1,Attribute Definition,,,,0,,,179883.8000,654583.1000,60.1500,,,,,
1,Attribute Definition,,,,0,,,179809.6777,654273.2258,59.1300,,,,,
1,2802,,,,2802,,,179810.8200,654272.9300,59.1300,,,,,
1,Attribute Definition,,,,0,,,179810.8200,654273.4300,59.1300,,,,,
1,Attribute Definition,,,,0,,,179916.6377,654575.7058,61.0400,,,,,
1,2802,,,,2802,,,179892.9300,654581.1200,60.6100,,,,,
1,Attribute Definition,,,,0,,,179917.7800,654575.9100,61.0400,,,,,
1,Attribute Definition,,,,0,,,179882.6577,654582.8958,60.1500,,,,,
1,2802,,,,2802,,,179917.7800,654575.4100,61.0400,,,,,
1,2802,,,,2802,,,180195.4400,654297.0500,58.0500,,,,,
1,Attribute Definition,,,,0,,,180195.4400,654297.5500,58.0500,,,,,
1,Attribute Definition,,,,0,,,180177.2877,654294.5558,58.2500,,,,,
1,2802,,,,2802,,,180178.4300,654294.2600,58.2500,,,,,
1,Attribute Definition,,,,0,,,180178.4300,654294.7600,58.2500,,,,,
1,Attribute Definition,,,,0,,,180173.7177,654287.5258,57.7800,,,,,
1,2802,,,,2802,,,180162.2100,654301.9200,58.0400,,,,,
1,Attribute Definition,,,,0,,,180174.8600,654287.7300,57.7800,,,,,
1,Attribute Definition,,,,0,,,180194.2977,654297.3458,58.0500,,,,,
1,2802,,,,2802,,,180174.8600,654287.2300,57.7800,,,,,
1,Attribute Definition,,,,0,,,180266.5277,654370.8758,59.3600,,,,,
1,2802,,,,2802,,,180196.9900,654287.2000,57.1100,,,,,
1,Attribute Definition,,,,0,,,180267.6700,654371.0800,59.3600,,,,,
1,Attribute Definition,,,,0,,,180192.8577,654264.7758,56.0700,,,,,
1,2802,,,,2802,,,180267.6700,654370.5800,59.3600,,,,,
1,Attribute Definition,,,,0,,,180264.4300,654473.6300,60.5400,,,,,
1,Attribute Definition,,,,0,,,180263.2877,654473.4258,60.5400,,,,,
1,2802,,,,2802,,,180264.4300,654473.1300,60.5400,,,,,
1,Attribute Definition,,,,0,,,180196.9900,654287.7000,57.1100,,,,,
1,Attribute Definition,,,,0,,,180195.8477,654287.4958,57.1100,,,,,
1,3D Polyline,,,,2200,,,,,,,,-1,67.0113,
1,3D Polyline,,,,2200,,,,,,,,-1,131.2052,
1,3D Polyline,,,,2200,,,,,,,,-1,119.9492,
1,3D Polyline,,,,2200,,,,,,,,-1,181.2580,
1,3D Polyline,,,,2200,,,,,,,,-1,68.8276,
1,3D Polyline,,,,2200,,,,,,,,-1,237.4260,
1,3D Polyline,,,,2200,,,,,,,,-1,182.2351,
1,3D Polyline,,,,2200,,,,,,,,-1,184.7366,
1,3D Polyline,,,,2200,,,,,,,,-1,158.6732,
1,3D Polyline,,,,2200,,,,,,,,-1,169.5548,
1,3D Polyline,,,,2200,,,,,,,,-1,240.6229,
1,3D Polyline,,,,2200,,,,,,,,-1,30.1928,
1,3D Polyline,,,,2200,,,,,,,,-1,158.4057,
1,3D Polyline,,,,2200,,,,,,,,-1,67.9248,
1,3D Polyline,,,,2200,,,,,,,,-1,115.0025,
1,3D Polyline,,,,2200,,,,,,,,-1,85.9524,
1,3D Polyline,,,,2200,,,,,,,,-1,170.0341,
1,3D Polyline,,,,2200,,,,,,,,-1,135.1691,
1,3D Polyline,,,,2200,,,,,,,,-1,158.7367,
1,3D Polyline,,,,2200,,,,,,,,-1,121.5746,
1,3D Polyline,,,,2200,,,,,,,,-1,132.4038,
1,3D Polyline,,,,2200,,,,,,,,-1,27.6846,
1,3D Polyline,,,,2200,,,,,,,,-1,32.1493,
1,3D Polyline,,,,2200,,,,,,,,-1,118.6589,
1,3D Polyline,,,,2200,,,,,,,,-1,112.8678,
1,3D Polyline,,,,2200,,,,,,,,-1,70.7688,
1,3D Polyline,,,,2200,,,,,,,,-1,163.7684,
1,3D Polyline,,,,2200,,,,,,,,-1,16.7614,
1,3D Polyline,,,,2200,,,,,,,,-1,90.6664,
1,3D Polyline,,,,2200,,,,,,,,-1,82.2963,
1,3D Polyline,,,,2200,,,,,,,,-1,166.2904,
1,3D Polyline,,,,2200,,,,,,,,-1,15.9877,
1,3D Polyline,,,,2200,,,,,,,,-1,103.9801,
1,3D Polyline,,,,2200,,,,,,,,-1,21.0343,
1,3D Polyline,,,,2200,,,,,,,,-1,189.2981,
1,3D Polyline,,,,2200,,,,,,,,-1,223.1493,
1,3D Polyline,,,,2200,,,,,,,,-1,74.4225,
1,3D Polyline,,,,2200,,,,,,,,-1,125.0155,
1,3D Polyline,,,,2200,,,,,,,,-1,42.0237,
1,3D Polyline,,,,2200,,,,,,,,-1,37.1988,
1,3D Polyline,,,,2200,,,,,,,,-1,104.0244,
1,3D Polyline,,,,2200,,,,,,,,-1,137.4210,
1,3D Polyline,,,,2200,,,,,,,,-1,137.5866,
1,3D Polyline,,,,2200,,,,,,,,-1,189.7965,
1,3D Polyline,,,,2200,,,,,,,,-1,135.0865,
1,3D Polyline,,,,2200,,,,,,,,-1,171.3849,
1,3D Polyline,,,,2200,,,,,,,,-1,115.4629,
1,3D Polyline,,,,2200,,,,,,,,-1,141.8105,
1,3D Polyline,,,,2200,,,,,,,,-1,90.6150,
1,3D Polyline,,,,2200,,,,,,,,-1,201.0010,
1,3D Polyline,,,,2200,,,,,,,,-1,199.0108,
1,3D Polyline,,,,2200,,,,,,,,-1,133.9914,
1,3D Polyline,,,,2200,,,,,,,,-1,149.8586,
1,3D Polyline,,,,2200,,,,,,,,-1,52.6273,
1,3D Polyline,,,,2200,,,,,,,,-1,69.0020,
1,3D Polyline,,,,2200,,,,,,,,-1,64.6107,
1,3D Polyline,,,,2200,,,,,,,,-1,77.1769,
1,3D Polyline,,,,2200,,,,,,,,-1,174.6903,
1,3D Polyline,,,,2200,,,,,,,,-1,152.3601,
1,3D Polyline,,,,2200,,,,,,,,-1,121.7023,
1,3D Polyline,,,,2200,,,,,,,,-1,127.9613,
1,3D Polyline,,,,2200,,,,,,,,-1,196.4365,
1,3D Polyline,,,,2200,,,,,,,,-1,263.8424,
1,3D Polyline,,,,2200,,,,,,,,-1,187.7738,
1,3D Polyline,,,,2200,,,,,,,,-1,126.2546,
1,3D Polyline,,,,2200,,,,,,,,-1,89.3768,
1,3D Polyline,,,,2200,,,,,,,,-1,128.1199,
1,3D Polyline,,,,2200,,,,,,,,-1,151.5151,
1,3D Polyline,,,,2200,,,,,,,,-1,312.3138,
1,3D Polyline,,,,2200,,,,,,,,-1,142.3161,
1,3D Polyline,,,,2200,,,,,,,,-1,89.1213,
1,3D Polyline,,,,2200,,,,,,,,-1,109.8326,
1,3D Polyline,,,,2200,,,,,,,,-1,41.4941,
1,3D Polyline,,,,2200,,,,,,,,-1,197.9843,
1,3D Polyline,,,,2200,,,,,,,,-1,232.2575,
1,3D Polyline,,,,2200,,,,,,,,-1,133.7575,
1,3D Polyline,,,,2200,,,,,,,,-1,102.5820,
1,3D Polyline,,,,2200,,,,,,,,-1,161.4960,
1,3D Polyline,,,,2200,,,,,,,,-1,140.3100,
1,3D Polyline,,,,2200,,,,,,,,-1,152.3448,
1,3D Polyline,,,,2200,,,,,,,,-1,148.6053,
1,3D Polyline,,,,2200,,,,,,,,-1,104.4325,
1,3D Polyline,,,,2200,,,,,,,,-1,41.9185,
1,3D Polyline,,,,2200,,,,,,,,-1,162.4071,
1,3D Polyline,,,,2200,,,,,,,,-1,42.8266,
1,3D Polyline,,,,2200,,,,,,,,-1,32.2522,
1,3D Polyline,,,,2200,,,,,,,,-1,28.1366,
1,3D Polyline,,,,2200,,,,,,,,-1,98.0506,
1,3D Polyline,,,,2200,,,,,,,,-1,98.5148,
1,3D Polyline,,,,2200,,,,,,,,-1,158.5181,
1,3D Polyline,,,,2200,,,,,,,,-1,103.8779,
1,3D Polyline,,,,2200,,,,,,,,-1,74.1828,
1,3D Polyline,,,,2200,,,,,,,,-1,79.9544,
1,3D Polyline,,,,2200,,,,,,,,-1,94.4190,
1,3D Polyline,,,,2200,,,,,,,,-1,93.3583,
1,3D Polyline,,,,2200,,,,,,,,-1,101.7970,
1,3D Polyline,,,,2200,,,,,,,,-1,92.3917,
1,3D Polyline,,,,2200,,,,,,,,-1,74.8997,
1,3D Polyline,,,,2200,,,,,,,,-1,88.2098,
1,3D Polyline,,,,2200,,,,,,,,-1,55.6569,
1,3D Polyline,,,,2200,,,,,,,,-1,91.5965,
1,3D Polyline,,,,2200,,,,,,,,-1,99.0608,
1,3D Polyline,,,,2200,,,,,,,,-1,97.9169,
1,3D Polyline,,,,2200,,,,,,,,-1,63.4011,
1,3D Polyline,,,,2200,,,,,,,,-1,94.9025,
1,3D Polyline,,,,2200,,,,,,,,-1,152.5733,
1,3D Polyline,,,,2200,,,,,,,,-1,129.9249,
1,3D Polyline,,,,2200,,,,,,,,-1,126.6275,
1,3D Polyline,,,,2200,,,,,,,,-1,80.8565,
1,3D Polyline,,,,2200,,,,,,,,-1,66.9713,
1,3D Polyline,,,,2200,,,,,,,,-1,97.0726,
1,3D Polyline,,,,2200,,,,,,,,-1,70.9109,
1,3D Polyline,,,,2200,,,,,,,,-1,106.1644,
1,3D Polyline,,,,2200,,,,,,,,-1,70.8763,
1,3D Polyline,,,,2200,,,,,,,,-1,100.4077,
1,3D Polyline,,,,2200,,,,,,,,-1,48.5451,
1,3D Polyline,,,,2200,,,,,,,,-1,49.4599,
1,3D Polyline,,,,2200,,,,,,,,-1,53.0563,
1,3D Polyline,,,,2200,,,,,,,,-1,79.1254,
1,3D Polyline,,,,2200,,,,,,,,-1,119.1068,
1,3D Polyline,,,,2200,,,,,,,,-1,171.9670,
1,3D Polyline,,,,2200,,,,,,,,-1,17.5294,
1,3D Polyline,,,,2200,,,,,,,,-1,86.0747,
1,3D Polyline,,,,2200,,,,,,,,-1,222.8397,
1,3D Polyline,,,,2200,,,,,,,,-1,99.1437,
1,3D Polyline,,,,2200,,,,,,,,-1,103.8363,
1,3D Polyline,,,,2200,,,,,,,,-1,133.7260,
1,3D Polyline,,,,2200,,,,,,,,-1,275.4955,
1,3D Polyline,,,,2200,,,,,,,,-1,216.3542,
1,3D Polyline,,,,2200,,,,,,,,-1,156.4393,
1,3D Polyline,,,,2200,,,,,,,,-1,172.6184,
1,3D Polyline,,,,2200,,,,,,,,-1,89.1679,
1,3D Polyline,,,,2200,,,,,,,,-1,107.8397,
1,3D Polyline,,,,2200,,,,,,,,-1,111.8028,
1,3D Polyline,,,,2200,,,,,,,,-1,49.1237,
1,3D Polyline,,,,2200,,,,,,,,-1,117.4933,
1,3D Polyline,,,,2200,,,,,,,,-1,129.8982,
1,3D Polyline,,,,2200,,,,,,,,-1,85.7498,
1,3D Polyline,,,,2200,,,,,,,,-1,133.8316,
1,3D Polyline,,,,2200,,,,,,,,-1,176.9076,
1,3D Polyline,,,,2200,,,,,,,,-1,138.1854,
1,3D Polyline,,,,2200,,,,,,,,-1,68.5438,
1,3D Polyline,,,,2200,,,,,,,,-1,210.2930,
1,3D Polyline,,,,2200,,,,,,,,-1,28.6082,
1,3D Polyline,,,,2200,,,,,,,,-1,123.4238,
1,3D Polyline,,,,2200,,,,,,,,-1,62.7397,
1,3D Polyline,,,,2200,,,,,,,,-1,189.2146,
1,3D Polyline,,,,2200,,,,,,,,-1,189.3951,
1,3D Polyline,,,,2200,,,,,,,,-1,46.5036,
1,3D Polyline,,,,2200,,,,,,,,-1,85.1293,
1,3D Polyline,,,,2200,,,,,,,,-1,64.6165,
1,3D Polyline,,,,2200,,,,,,,,-1,74.2529,
1,3D Polyline,,,,2200,,,,,,,,-1,81.8775,
1,3D Polyline,,,,2200,,,,,,,,-1,31.9822,
1,3D Polyline,,,,2200,,,,,,,,-1,122.8468,
1,3D Polyline,,,,2200,,,,,,,,-1,202.0428,
1,3D Polyline,,,,2200,,,,,,,,-1,144.0496,
1,3D Polyline,,,,2200,,,,,,,,-1,274.1687,
1,3D Polyline,,,,2200,,,,,,,,-1,229.4328,
1,3D Polyline,,,,2200,,,,,,,,-1,235.2473,
1,3D Polyline,,,,2200,,,,,,,,-1,86.0186,
1,3D Polyline,,,,2200,,,,,,,,-1,0.0000,
1,3D Polyline,,,,2200,,,,,,,,-1,130.3252,
1,2206,תסנכ תיב,6,8300,2206,0,2,180178.6501,654458.5360,0.0000,103,5,,,
1,2206,טלקמ,8,8300,2206,0,1,180175.7319,654500.0025,0.0000,103,28,,,
1,2206,טלקמ,8,8300,2206,0,1,180182.8568,654475.0452,0.0000,103,28,,,
1,2206,טלקמ,8,8300,2206,0,1,180185.8271,654506.9358,0.0000,130,28,,,
1,2206,םידרשמ,1,8300,2206,0,1,180091.5821,654701.8689,0.0000,136,34,,,
1,2206,םידרשמ,1,8300,2206,0,1,180094.7047,654711.8840,0.0000,136,34,,,
1,2206,םידרשמ,1,8300,2206,0,1,180091.7544,654693.7770,0.0000,136,34,,,
1,2206,םידרשמ,3,8300,2206,0,1,180091.4959,654683.0164,0.0000,136,34,,,
1,2206,ירחסמ זכרמ,9,8300,2206,0,2,180082.1829,654417.5520,0.0000,103,29,,,
1,2206,ירחסמ זכרמ,9,8300,2206,0,2,180074.9591,654418.4521,0.0000,103,29,,,
1,2206,ירחסמ זכרמ,24,8300,2206,0,2,180266.0475,654270.4305,0.0000,108,29,,,
1,2206,םידרשמ,16,8300,2206,0,1,180042.4351,654747.3818,0.0000,104,34,,,
1,2206,ראוד,24,8300,2206,0,1,180064.3118,654748.7071,0.0000,114,11,,,
1,2206,םידרשמ,26,8300,2206,0,1,180052.5814,654745.7776,0.0000,114,34,,,
1,2206,סורה,2,8300,2206,1,1,180110.6723,654487.4876,0.0000,140,46,,,
1,2206,םידלי ןג,3,8300,2206,0,1,179874.4245,654522.8409,0.0000,138,10,,,
1,2206,היישעת,12,8300,2206,0,1,180381.8426,654350.1132,0.0000,736,43,,,
1,2206,טלקמ,10,8300,2206,0,1,180074.8264,654273.7834,0.0000,107,28,,,
1,2206,היישעת,12,8300,2206,0,1,180371.6389,654353.1987,0.0000,736,43,,,
1,2206,היישעת,10,8300,2206,0,1,180389.6295,654379.8955,0.0000,736,43,,,
1,2206,םידלי ןג,10,8300,2206,1,1,180135.2782,654504.6585,0.0000,103,10,,,
1,2206,םידלי ןג,10,8300,2206,1,1,180143.7454,654518.1382,0.0000,103,10,,,
1,2206,םידלי ןג,14,8300,2206,0,1,180198.2829,654636.0104,0.0000,130,10,,,
1,2206,םידלי ןג,18,8300,2206,0,2,180350.4784,654679.7109,0.0000,105,10,,,
1,2206,םידלי ןג,18,8300,2206,0,1,180346.1575,654609.9481,0.0000,105,10,,,
1,2206,םידלי ןג,18,8300,2206,0,2,180381.5444,654615.4025,0.0000,105,10,,,
1,2206,תסנכ תיב,18,8300,2206,0,2,180380.6033,654664.4923,0.0000,105,5,,,
1,2206,‰…’ ™˜ƒ ‰,18,8300,2206,0,1,180354.0630,654654.1477,0.0000,105,99,,,
1,2206,‰€…”˜ ƒ…‰– - ‰…‡ ˜…€,18,8300,2206,0,1,180353.1219,654631.3896,0.0000,105,99,,,
1,3D Polyline,,,,2200,,,,,,,,-1,36.1585,
1,3D Polyline,,,,2200,,,,,,,,-1,50.3591,
1,3D Polyline,,,,2200,,,,,,,,-1,35.6367,
1,3D Polyline,,,,2200,,,,,,,,-1,46.6101,
1,3D Polyline,,,,2200,,,,,,,,-1,150.9930,
1,Attribute Definition,,,,0,,,180379.0767,654228.2983,0.0000,,,,,
1,6021,,,,6021,,,180379.0767,654227.6021,0.0000,,,,,
1,Circle,,,,0,,,,,,,,,,0.0005
1,2809,,,,2809,,,180170.3500,654420.7900,60.5300,,,,,
1,Attribute Definition,,,,0,,,180169.0428,654421.2900,60.5300,,,,,
1,Attribute Definition,,,,0,,,179929.9675,654275.3058,60.0100,,,,,
1,2809,,,,2809,,,179931.4200,654275.0100,60.0100,,,,,
1,Attribute Definition,,,,0,,,179930.1128,654275.5100,60.0100,,,,,
1,3D Polyline,,,,2200,,,,,,,,-1,81.6014,
1,3D Polyline,,,,2200,,,,,,,,-1,182.2651,
1,3D Polyline,,,,2200,,,,,,,,-1,144.7853,
1,Attribute Definition,,,,0,,,180168.8975,654421.0858,60.5300,,,,,
1,3D Polyline,,,,6021,,,,,,,,0,50.6566,
1,2206,םידרשמ,13,8300,2206,0,1,180114.1031,654707.5831,0.0000,114,34,,,
1,2206,ירחסמ זכרמ,6,8300,2206,0,1,180050.4615,654640.2595,0.0000,136,29,,,
1,2206,תסנכ תיב,11,8300,2206,0,2,180070.3956,654597.5847,0.0000,136,5,,,
1,2206,טלקמ,11,8300,2206,0,1,180075.9299,654575.5934,0.0000,136,28,,,
1,2206,ןודעומ,20,8300,2206,0,1,180041.9776,654563.7622,0.0000,137,20,,,
1,2206,ירחסמ זכרמ,4,8300,2206,0,2,180054.7365,654668.5817,0.0000,136,29,,,
1,2206,—‘…‰—,22,8300,2206,0,1,180291.6765,654734.2855,0.0000,105,99,,,
1,2206,ˆ—˜‰‰,2,8300,2206,0,1,180215.8078,654404.9793,0.0000,103,99,,,
1,2206,תסנכ תיב,14,8300,2206,0,1,180201.7012,654611.9983,0.0000,130,5,,,
1,2206,תסנכ תיב,16,8300,2206,0,2,180201.4876,654660.4367,0.0000,130,5,,,
1,2206,ירחסמ זכרמ,7,8300,2206,0,1,180185.1907,654519.4609,0.0000,130,29,,,
1,2206,ירחסמ זכרמ,7,8300,2206,0,1,180178.1896,654515.4788,0.0000,130,29,,,
